{
    "DebugLogs_enabled": 0,
    "Active_Portals_Min": 2,
    "Active_Portals_Max": 2,
    "Portal_Creator": [
        {
            "Classname_Portal_Object": "land_teleporter",
            "Portal_Position": [
                4491.381836,
				8.159559,
				15414.123047
            ],
            "Portal_Orientation": [
                60.210770,
                0.0,
                0.0
            ],
            "Trigger_Area_Min": [
                -0.20000001192092898,
                -1.0,
                -0.20000001192092898
            ],
            "Trigger_Area_Max": [
                0.20000001192092898,
                1.0,
                0.20000001192092898
            ],
            "Teleport_Destination": [
                [
                    333.331,
					48.4018,
					20127.8
                ]
            ]
        },
        {
            "Classname_Portal_Object": "land_teleporter",
            "Portal_Position": [
                156.079758,
				4.935462,
				19900.140625
            ],
            "Portal_Orientation": [
                -26.999878,
                0.0,
                0.0
            ],
            "Trigger_Area_Min": [
                -0.20000001192092898,
                -1.0,
                -0.20000001192092898
            ],
            "Trigger_Area_Max": [
                0.30000001192092898,
                1.0,
                0.30000001192092898
            ],
            "Teleport_Destination": [   
				[	
					4620.2,
					28.7584,
					15696.5
                    
                ],
				[
					4591.38,
					33.0819,
					15712.3
                ],
				[
					4549.64,
					53.6561,
					15805.2
                    
                ],
				[
					4521.68,
					48.2082,
					15813.4 
				]
            ]
        }
    ]
}
